date,Description,Category,amount
2004-11-26,Bee,Cable TV,696.04
1999-08-04,Kaja,ping,-252.27
1970-06-16,Kamilah,pong,941.25
1987-02-20,Pollyanna,Auto Loan,-975.07
1998-09-24,Frances,Income,-922.82
2002-11-03,Oona,pong,996.72
1984-12-04,Sara-Ann,Auto Loan,880.7
2019-06-26,Melodie,pong,-735.78
1973-05-01,Veda,pong,408.09
1975-09-11,Regina,Daycare,-927.15
2015-11-25,Xylina,Daycare,-367.64
2004-08-20,Isa,Cable TV,-636.01
1976-09-08,Fanchon,pong,-794.61
1973-01-02,Korrie,Income,62.18
1976-10-25,Antonietta,Daycare,455.03
2010-08-16,Debee,Cable TV,323.72
2004-02-06,Wilma,Dental Care,181.91
1976-01-20,Jeanna,pong,-594.29
2013-01-04,Sybille,Entertainment,604.48
2014-11-21,Bibby,Dental Care,-630.84
1987-01-18,Vevay,Groceries,-804.01
1976-06-11,Tatiania,ping,709.99
2013-03-21,Fina,Cable TV,-750.4
1970-11-20,Christian,Groceries,-376.82
2021-07-22,Tabbatha,ping,54.08
1993-08-10,Gloria,Auto Loan,-586.39
1975-01-27,Elmira,Income,277.31
2010-03-30,Harrietta,Coffee shops,654.63
2006-05-15,Malina,Coffee shops,884.68
1980-06-22,Candi,Dental Care,932.55
1980-06-17,Tamqrah,Auto Loan,-927.24
2009-11-18,Lanae,Entertainment,104.97
1989-06-24,Sindee,ping,116.58
1978-02-05,Ileana,Groceries,-529.53
1999-10-19,Gretal,Daycare,91.17
2005-08-19,Johna,Auto Loan,-140.24
1996-10-25,Mariele,ping,-550.64
2002-11-29,Edith,ping,-491.24
2006-06-25,Letizia,ping,691.8
2002-05-22,Latisha,Dental Care,342.63
1991-04-18,Gabi,Groceries,-671.27
1971-04-27,Claudina,Auto Loan,-100.8
2000-02-10,Bill,Groceries,656.13
2002-07-25,Leanna,Dental Care,-672.36
2021-05-15,Hannis,ping,-630.82
1986-11-23,Deirdre,pong,335.36
1971-02-05,Mahalia,Dental Care,-93.31
2013-09-11,Fayre,ping,-562.25
2012-08-08,Jean,Income,239.17
1981-06-02,Joy,Groceries,-961.24
1985-02-02,Dulce,Daycare,460.35
2015-05-09,Frieda,Auto Loan,956.33
1978-07-26,Cassondra,pong,-712.32
2007-12-13,Candi,Daycare,377.79
1994-10-21,Shel,Cable TV,545.79
1994-09-23,Ayn,Groceries,-840.28
2003-07-31,Evita,Cable TV,543.81
1992-01-24,Tarra,Coffee shops,8.52
1986-08-09,Veda,Daycare,121.03
2008-10-30,Philis,Daycare,-340.27
1971-11-19,Arlina,Daycare,896.14
2002-08-17,Philis,Entertainment,-397.46
1984-05-09,Cam,Income,-864.82
1996-01-02,Ardys,Income,-284.39
1971-08-17,Lusa,pong,230.2
2016-12-19,Selma,ping,-435.04
2011-02-24,Giustina,Coffee shops,-95.26
2006-12-12,Jackie,Dental Care,649.14
1978-11-15,Nelle,Cable TV,493.48
1995-11-15,Kirstin,Coffee shops,246.82
1998-09-06,Reeba,Auto Loan,858.96
1980-11-08,Cathyleen,Coffee shops,-897.18
2014-07-19,Janenna,Daycare,-827.48
1984-09-22,Dulcinea,Income,907.43
1988-04-17,Mignon,Income,-717
2002-03-22,Almeta,pong,899.07
1973-01-29,Mahalia,Income,1000.92
2002-12-27,Ashlee,Coffee shops,-217.35
1994-06-30,Eadie,Dental Care,-404.48
1982-10-06,Leeanne,Auto Loan,675.1
2021-06-05,Lauryn,Coffee shops,625.94
2016-04-03,Teriann,Income,107.24
1983-05-11,Linet,ping,181.65
2015-08-13,Ada,Dental Care,-409.65
1993-10-17,Harmonia,Auto Loan,427.98
2010-11-17,Codie,Entertainment,-698.74
2008-06-25,Binny,Entertainment,-797.04
1980-02-15,Veda,Cable TV,-934.17
1994-01-23,Peri,Daycare,274.35
1991-04-17,Blake,Dental Care,258.91
1984-05-26,Barbara,Daycare,776.61
1993-02-14,Nickie,Auto Loan,-465.99
1985-08-31,Ericka,Income,-632.5
2020-07-09,Quintina,Daycare,38.07
2012-02-29,Benita,ping,-718.48
2010-05-13,Zondra,ping,374.82
2019-02-16,Correy,ping,100.73
2012-03-24,Berta,Income,289.69
1970-03-20,Phylis,Daycare,-681.89
2011-03-11,Sue,Cable TV,-394.94
2001-11-27,Berget,Entertainment,-277.24
1978-04-11,Carilyn,Income,-176.33
2021-06-13,Xylina,Income,197.43
1971-03-13,Phylis,Income,-838.37
2010-01-31,Kenna,Entertainment,-384.32
1996-05-23,Almeta,Entertainment,-779.33
1986-01-05,Ivett,Income,514.92
2000-05-02,Sharai,pong,859.85
2015-05-10,Sonni,Income,385.65
2021-09-28,Marline,Auto Loan,-950.21
2020-08-02,Tabbatha,Coffee shops,-95.41
1995-06-26,Caryl,Coffee shops,533.65
2015-01-26,Frances,Groceries,-915.99
1986-07-06,Briney,pong,-268.34
1990-11-12,Shauna,ping,-358.4
1985-11-12,Kaia,Coffee shops,-401.43
1999-09-15,Rochette,ping,358.93
2004-08-09,Dennie,Groceries,-494.84
1985-11-11,Layla,Auto Loan,-299.56
2022-10-19,Marcelline,Groceries,561.4
2003-09-12,Evita,Dental Care,32.33
1979-11-21,Millie,Auto Loan,314.37
2018-01-03,Georgina,Groceries,-481.99
1973-09-23,Zsa Zsa,pong,964.32
2022-11-26,Emilia,Dental Care,-550.35
1989-03-24,Babita,Daycare,-434.14
1978-06-22,Alisha,Income,-724.66
2000-03-16,Sherrie,Groceries,-828.71
1972-03-01,Kimberley,Dental Care,-845.82
1982-07-12,Elyssa,Cable TV,671.91
1998-08-21,Benita,pong,-996.03
2020-05-08,Cathie,Auto Loan,473.16
2002-12-15,Amalie,pong,-861.62
2022-01-27,Carmencita,ping,823.47
2016-02-14,Maye,Groceries,-221
1980-01-16,Alejandra,Entertainment,176.45
1986-01-11,Kelly,Daycare,720.16
1993-04-21,Jessy,Coffee shops,-127.67
2013-11-29,Cyb,Cable TV,-266.83
1993-01-06,Flo,Cable TV,-690.97
1980-08-24,Blake,Dental Care,-545.08
2016-04-13,Basia,Dental Care,497.57
1981-09-05,Margette,Groceries,-735.27
2006-06-23,Ethel,Income,663.28
2019-05-12,Ulrike,pong,107.96
1973-07-04,Willetta,Auto Loan,-948.87
1995-08-12,Cassondra,Groceries,-220.34
1988-03-23,Cacilie,Daycare,-441.66
2016-09-06,Fanchon,Income,-7.55
1996-07-02,Feliza,Coffee shops,-871.33
1975-09-28,Sharlene,Auto Loan,-724.48
2016-03-13,Arabel,Entertainment,-957.14
2018-12-04,Carly,Groceries,-217.4
1998-03-12,Angela,Daycare,81.7
2019-08-04,Nariko,pong,-191.89
2022-12-12,Zsa Zsa,Daycare,-307.35
2021-08-03,Perry,Entertainment,-715.72
1974-08-30,Devina,ping,219.57
2022-12-10,Britte,pong,-135.1
2005-02-08,Merci,Auto Loan,-937
1999-09-17,Aurelie,Income,-774.97
2006-09-26,Margette,Groceries,-428.93
2007-11-28,Michaelina,Daycare,-568.58
1978-05-30,Dorothy,pong,92.68
1998-02-19,Alyda,Auto Loan,467.46
2010-06-27,Eadie,Cable TV,-385.04
2018-06-28,Lulita,Entertainment,141.45
2007-01-27,Sophia,Income,520.22
1993-02-12,Renae,Dental Care,145.96
1985-04-01,Amelia,Groceries,-448.04
2003-03-08,Gretal,Coffee shops,-707.46
1991-04-10,Dode,Entertainment,889.89
1986-10-18,Melisent,Daycare,281.67
1999-03-15,Roxane,Income,186.72
1979-03-03,Wynne,Groceries,-646.22
1971-06-24,Kayla,Dental Care,-113.47
2001-07-09,Kathy,Coffee shops,-266.95
2003-01-29,Tersina,Entertainment,841.95
1970-05-27,Adore,Daycare,179.27
1984-10-03,Jsandye,Entertainment,-243.76
1999-03-22,Jsandye,Groceries,-157.53
1995-12-05,Ardeen,ping,397.33
2006-06-21,Dulce,Entertainment,-125.94
1986-02-22,Jaclyn,Dental Care,351.5
1972-09-04,Calla,ping,-614.09
2013-04-08,Dyann,Auto Loan,-144.85
1970-04-02,Aubrie,ping,237.22
1995-08-31,Jere,Daycare,-237.53
2021-06-21,Loree,pong,-744.84
1977-03-09,Darci,Groceries,49.13
1972-06-13,Kassey,Entertainment,-72.68
2013-02-12,Jennica,Groceries,870.21
2012-01-23,Katharina,Auto Loan,-617.54
2022-05-07,Maye,Entertainment,-83.66
2002-02-19,Joelly,Cable TV,-782.64
1977-03-07,Marline,Auto Loan,-120.86
1994-06-16,Berta,Entertainment,453.64
1995-02-03,Karolina,ping,-568.73
1999-04-02,Natka,Auto Loan,586.33
1995-05-30,Elka,Auto Loan,-37.7
1988-05-01,Sam,Coffee shops,716.06
1998-10-30,Cathie,Coffee shops,-38.77
2016-02-16,Bill,Cable TV,-270.91
1973-12-04,Corene,ping,-417.29
1982-03-19,Libbie,Income,483.99
1972-05-26,Ayn,ping,176.41
1991-10-04,Penelopa,ping,804.04
1992-06-14,Lizzie,Entertainment,-925.7
2019-07-13,Marnia,Groceries,-585.06
1990-06-07,Dorothy,Coffee shops,-147.62
1999-07-06,Sibella,Groceries,-454.29
1988-01-14,Sadie,Groceries,878.73
1992-10-08,Corry,Coffee shops,-807.59
2002-01-20,Calla,Auto Loan,-351.64
2005-11-28,Jany,Coffee shops,833.35
2019-09-12,Selia,Entertainment,461.29
2004-10-03,Quintina,Entertainment,-440.34
2009-03-30,Deloria,ping,-230.63
1986-05-07,Celene,Income,403.13
2002-09-23,Frank,Income,-972.1
1979-04-03,Fanchon,pong,-475.15
1994-11-12,Jessamyn,Income,874.81
2010-03-28,Merci,Groceries,-990.8
1977-01-03,Ursulina,Dental Care,370.52
2014-05-01,Christian,Auto Loan,-318.71
1980-12-20,Ermengarde,Coffee shops,233.5
2005-12-30,Nita,Income,-198.47
1992-10-14,Hallie,Daycare,272.28
1992-07-01,Merci,ping,521.26
1979-03-13,Minne,Coffee shops,245.53
2002-04-14,Kristina,Auto Loan,550.03
2021-08-05,Carly,Daycare,-806.07
2019-06-08,Margarette,Coffee shops,43.53
2022-09-07,Marguerite,Groceries,-723.9
2010-03-30,Annaliese,pong,-311.69
1985-12-07,Almeta,Entertainment,-240.17
1997-09-10,Lexine,pong,358.57
1995-11-21,Claudina,Cable TV,660.29
1988-04-02,Flo,Groceries,8.78
2004-10-17,Marinna,Entertainment,701.25
1986-06-10,Carmencita,Auto Loan,333.04
2005-04-25,Elmira,Coffee shops,-471.33
1973-06-04,Nonnah,Coffee shops,-841.14
2008-01-22,Bibby,Auto Loan,900.68
2018-05-11,Jessy,Groceries,-538.24
2007-09-12,Paulita,Dental Care,872.39
1998-07-20,Lorie,Coffee shops,-889.99
1987-08-10,Sue,Entertainment,68.86
1983-11-28,Shannah,Groceries,634.09
2015-11-09,Candi,ping,532.43
1985-08-19,Berget,Auto Loan,632.38
2015-08-25,Catharine,pong,-833.33
2020-12-05,Alexine,Auto Loan,808.92
1982-10-16,Cam,ping,-105.07
2004-10-06,Raina,Auto Loan,15.69
1984-06-13,Allis,Groceries,733.28
1984-06-02,Noelle,Coffee shops,-448.36
2021-05-27,Tiffie,ping,-857.67
1974-04-23,Kaja,Auto Loan,268.54
2006-06-28,Christian,pong,-549.79
2021-04-21,Lonnie,Auto Loan,-444.49
2022-11-13,Alia,Coffee shops,-694.52
1982-05-20,Correy,Groceries,-554.16
1986-12-10,Lorne,pong,950.52
2017-03-03,Catrina,Dental Care,-518
1971-05-29,Sara-Ann,Coffee shops,-340.84
2004-06-26,Maridel,Income,-116.67
2016-02-05,Carly,pong,-839.76
1974-11-30,Jobi,Groceries,525.67
1970-01-31,Carilyn,Income,-195.68
2002-03-12,Beatriz,pong,-667.39
1972-07-23,Karina,Dental Care,842.72
2021-04-14,Peri,pong,-630.65
1977-10-14,Lory,Coffee shops,-916.21
1998-04-18,Brooks,ping,232.53
1987-03-27,Nonnah,pong,-902.35
2000-11-17,Monika,Entertainment,86.92
2018-05-08,Aeriela,Income,-898.24
1997-12-26,Ezmeralda,Dental Care,-243.35
2007-11-28,Korrie,ping,326.7
1998-12-09,Julieta,pong,-877.37
2014-01-03,Philis,Daycare,-434.39
2009-01-05,Paola,Income,-157.96
1993-07-18,Liana,ping,-83.36
2014-01-10,Tilly,Auto Loan,789.74
2019-10-02,Carmela,ping,250.65
1977-07-12,Christy,Dental Care,363.26
1990-03-27,Cacilie,Cable TV,203.47
1986-02-19,Adele,Daycare,-413.66
2016-11-14,Feliza,Cable TV,-192
2012-05-01,Allis,Auto Loan,898.66
2018-01-24,Riannon,Groceries,-285.83
2022-08-26,Alie,Income,502.62
2003-06-17,Barbara,Cable TV,498.67
1982-03-15,Cathyleen,Income,792.43
1974-05-25,Johna,Income,663.55
1986-03-21,Cassondra,Coffee shops,-810.69
1995-04-15,Theodora,Cable TV,-268.67
2010-02-04,Deloria,Income,-958.85
2000-06-11,Calla,Daycare,-836.94
1987-10-24,Marika,Coffee shops,-92.92
2006-09-17,Dolli,ping,-46.66
1973-09-25,Corly,Auto Loan,241.46
1995-04-22,Amii,Income,388.33
1970-07-09,Olivette,Income,-500.67
2013-04-17,Luci,ping,648.58
1978-02-17,Hayley,Coffee shops,905.21
1977-04-11,Gretal,Dental Care,192.77
1994-10-28,Modestia,Groceries,168.74
1991-12-10,Dulce,Cable TV,-263.6
2006-10-15,Aeriela,Entertainment,819.48
1986-03-25,Sabina,Dental Care,986.28
2001-06-20,Ofilia,Dental Care,811.2
1972-11-03,Hyacinthe,ping,-139.47
1987-08-25,Tilly,Dental Care,-852.96
1993-12-21,Corene,Income,795.96
2006-05-14,Jeanna,Coffee shops,-651.51
1990-08-13,Kara-Lynn,Entertainment,932.89
2008-05-27,Rubie,Groceries,40.86
1985-05-27,Madalyn,ping,750.78
1997-02-04,Dominga,ping,43.56
2009-08-13,Starla,Groceries,-118.99
2020-07-16,Ericka,Income,-18.73
1972-01-26,Bettine,Coffee shops,-486.29
1973-01-20,Di,Daycare,636.87
2002-04-18,Carilyn,Cable TV,-444.93
1973-03-10,Margette,Groceries,380.84
2016-05-13,Nyssa,pong,-708.67
2007-05-09,Evita,Cable TV,338.29
2016-08-07,Noelle,Auto Loan,717.66
2001-09-21,Leanna,Cable TV,-93.62
2007-12-25,Aurore,Groceries,789.84
1976-12-28,Dale,Auto Loan,181.05
2022-11-24,Damaris,Auto Loan,-248.94
1998-04-09,Heida,Dental Care,-773.31
1980-07-18,Gale,Cable TV,816.64
2019-03-25,Amara,pong,-640.18
1976-01-09,Gertrud,Entertainment,-486.16
1976-12-10,Aryn,Dental Care,-365.55
2014-05-31,Dulce,Groceries,-715.84
1974-05-18,Georgina,Groceries,-964.37
1971-09-14,Chickie,Daycare,642.25
1980-11-09,Sabina,Groceries,548.53
2010-07-09,Ada,Dental Care,345.83
1988-09-06,Annabela,Dental Care,621.56
1999-12-06,Gisela,Cable TV,-275.86
2002-10-13,Ashlee,Dental Care,14.72
2020-11-13,Monika,Entertainment,-248.79
2002-11-13,Dagmar,Coffee shops,261.37
2015-11-25,Emilia,Dental Care,914.06
1976-05-26,Modestia,pong,-499.9
2001-11-06,Catharine,Auto Loan,-707.38
2004-12-31,Minne,Groceries,692.43
2020-03-17,Allyce,Entertainment,375.98
1986-04-22,Karina,Daycare,769.92
1999-08-27,Marjie,Auto Loan,-324.54
1992-05-22,Amalie,ping,-544.1
2006-09-14,Orelia,Income,-967.06
1985-02-23,Malina,pong,758.66
1975-10-18,Rebeca,Cable TV,87.82
1988-11-21,Ekaterina,Dental Care,-681.82
1985-11-27,Aili,Groceries,-937.35
1986-01-27,Ursulina,Entertainment,-133.8
2006-12-13,Selma,Groceries,616.19
1976-04-20,Jobi,ping,301.7
1993-11-09,Joceline,Income,-126
1971-10-24,Keelia,Daycare,-6.45
1983-02-09,Chrystel,Groceries,142.4
2003-08-29,Tressa,Auto Loan,-641.19
1986-03-18,Gusella,Daycare,-327.6
1992-07-08,Diena,Entertainment,-308.59
2012-05-10,Lizzie,Daycare,780.56
2012-06-26,Carol-Jean,Entertainment,989.72
1986-08-13,Emilia,Auto Loan,800.43
2005-08-08,Melodie,Cable TV,-780.88
2014-03-27,Odessa,Income,391.88
2003-08-24,Edith,Auto Loan,413.55
1995-11-20,Ronna,Entertainment,598.4
1995-12-26,Phylis,Entertainment,526.47
1976-02-23,Lonnie,pong,-56
2009-07-17,Natka,pong,-199.48
2020-03-20,Vevay,Cable TV,100.38
2019-08-12,Merry,ping,-304.12
1990-07-01,Jenilee,Dental Care,-170.87
2014-09-12,Elise,Auto Loan,223.46
1971-02-02,Florie,Daycare,6.31
1974-11-04,Bibby,Coffee shops,-868.29
1978-08-20,Fina,Auto Loan,-40.67
1989-03-20,Tami,Income,914.24
2019-08-08,Lilith,ping,587.36
1986-02-13,Vevay,Dental Care,-71.75
1970-01-28,Cristabel,Auto Loan,90.42
1985-09-02,Danika,Groceries,807.02
2011-09-06,Dania,Auto Loan,-334.35
1980-11-05,Maye,Daycare,643.18
1986-10-15,Coral,Entertainment,-85.92
2007-11-25,Cathyleen,Coffee shops,-384.58
2008-10-03,Jerry,Cable TV,476.28
2013-04-04,Damaris,Income,582.76
1976-07-14,Isa,Dental Care,518.53
1980-03-23,Ann-Marie,Income,939.56
1995-06-19,Caryl,Entertainment,-637.38
1972-06-26,Barbi,Entertainment,-265.42
2011-12-25,Edyth,Coffee shops,-810.59
2015-04-19,Aaren,Entertainment,-627.66
1976-04-30,Zondra,Groceries,939.94
2010-10-17,Emylee,Groceries,407.13
2006-01-17,Doralynne,Coffee shops,987.24
1976-05-09,Tiffie,Coffee shops,243.99
2005-05-20,Ashlee,pong,-614.44
1998-08-11,Dennie,Daycare,697.76
2007-02-16,Kore,Groceries,-956.19
1995-05-29,Alisha,Auto Loan,445.34
2004-11-03,Cissiee,ping,242.12
2016-11-11,Taffy,Income,956.58
2009-08-01,Cassandra,Dental Care,785.68
1983-05-06,Monika,Groceries,-179.12
1988-05-10,Ayn,Dental Care,243.81
1977-10-21,Livvyy,Cable TV,-481.81
1976-06-02,Molli,Dental Care,-772.93
1988-08-16,Claudina,Groceries,203.18
1972-10-24,Mallory,Coffee shops,-313.3
2017-02-21,Celestyna,Auto Loan,-632.38
2009-04-24,Stephanie,ping,72.65
2017-02-12,Tori,Dental Care,-146.51
2013-02-28,Cindelyn,pong,652.89
2001-12-30,Karina,Entertainment,461.15
2005-11-18,Rochette,Groceries,-324.89
1983-11-30,Brena,pong,930.23
1973-11-06,Allis,Entertainment,-214.71
1999-10-19,Arlina,Coffee shops,-249.72
1989-07-06,Nita,Coffee shops,409.94
2002-04-27,Kial,Dental Care,-393.28
1974-02-08,Goldie,Auto Loan,-69.51
1992-05-08,Nickie,Coffee shops,-528.08
1986-05-22,Karina,Coffee shops,900.53
2013-07-06,Blake,Auto Loan,-46
2011-03-06,Celisse,Dental Care,442.31
1994-05-29,Nonnah,Daycare,54.97
1976-08-26,Nannie,Coffee shops,-166.05
2008-08-10,Aurore,Coffee shops,-52.89
1973-12-12,Tani,Dental Care,-494.51
2009-03-12,Sheelagh,Coffee shops,729.02
2015-05-24,Selia,Auto Loan,863.62
1990-12-17,Frank,Dental Care,-836.11
1973-10-22,Di,Coffee shops,956.01
2013-11-09,Modestia,Dental Care,-218
1996-03-14,Roxane,Coffee shops,486.86
2007-10-31,Ernesta,Auto Loan,-200.18
1977-05-26,Emmey,Auto Loan,-772.77
2003-08-06,Wanda,Cable TV,176.89
1972-03-27,Ileana,Cable TV,-95.39
1981-04-26,Elka,Cable TV,533.18
1987-12-28,Annaliese,Daycare,-44.36
2002-03-21,Drucie,Dental Care,79.53
1992-06-13,Kittie,Auto Loan,104.16
2010-02-08,Celestyna,Daycare,1000.52
2013-03-01,Jillayne,Cable TV,-246.86
2009-09-11,Bibby,Coffee shops,-701.45
2011-12-31,Yolane,Auto Loan,-508.85
1970-12-15,Nadine,ping,-764.16
2013-11-23,Kaia,Coffee shops,18.59
1972-12-25,Johna,Entertainment,-141.14
1976-08-19,Fanny,ping,-139.94
1974-10-22,Regina,Dental Care,-719.64
1976-02-04,Lizzie,Dental Care,-136.97
2000-04-17,Lita,Groceries,27.75
1981-09-29,Genovera,pong,677.14
2021-06-29,Binny,Auto Loan,103.6
1989-05-28,Maisey,Dental Care,535.66
1998-08-18,Mariann,Dental Care,-216.69
2008-11-23,Viviene,Dental Care,568.32
1985-03-01,Rhoda,Coffee shops,-980.98
2011-02-21,Cacilie,Auto Loan,-786.24
1993-08-07,Tatiania,ping,15.28
1978-04-15,Adele,pong,597.85
1977-01-22,Cristabel,Income,-80.95
1990-04-18,Vevay,Coffee shops,958.61
1979-09-20,Bettine,Income,363.02
1979-12-08,Aurelie,Groceries,-155.91
2018-05-24,Maryellen,Coffee shops,915.15
2007-03-06,Henriette,Daycare,-937.02
2000-02-14,Merry,Cable TV,128.3
2001-06-28,Netty,Coffee shops,235.45
1990-06-17,Laurene,Auto Loan,82.21
1998-11-15,Heida,Dental Care,-11.04
1981-04-11,Suzette,Income,-920.97
1992-09-27,Beatriz,Daycare,707.1
2004-07-28,Roxane,Cable TV,-829.12
1975-05-02,Debee,Daycare,870.17
2020-12-12,Lusa,ping,-655.19
1978-08-13,Hollie,Auto Loan,-628.28
1996-12-01,Elvira,pong,629.85
1999-11-02,Lolita,Coffee shops,564.66
2018-11-21,Susette,ping,-96.78
1995-02-04,Jacenta,pong,-505.15
1981-01-30,Rochette,Cable TV,140.83
2000-05-21,Bobinette,Daycare,-73.13
1996-04-30,Atlanta,ping,-78.65
2010-04-06,Hayley,Groceries,87.3
2004-02-09,Evaleen,Groceries,-861.39
1993-07-15,Rosabelle,Auto Loan,-567.55
2007-09-30,Zaria,Auto Loan,641.19
1992-06-24,Allis,Auto Loan,-99.34
2007-06-06,Fina,Coffee shops,253.62
1980-07-28,Lelah,Auto Loan,-706.74
1983-06-03,Judy,Groceries,524.04
2014-02-16,Jan,Groceries,404.37
2010-05-07,Marnia,Income,-43.04
1991-06-09,Peri,ping,-14.42
1990-08-04,Gaylene,Groceries,-967.57
2006-09-24,Ebonee,Daycare,777.93
1978-03-31,Kore,Daycare,120.95
1978-08-20,Vivia,Coffee shops,-690.14
1994-06-08,Suzette,Cable TV,-178.67
1977-03-21,Britni,Auto Loan,182.01
1995-08-31,Janey,pong,-724.99
1982-01-28,Goldie,Groceries,-147.3
2003-10-03,Lory,Cable TV,356.33
1977-04-29,Meriel,Coffee shops,-627.05
1995-04-26,Layla,Daycare,-205.16
2016-10-04,Sidoney,Daycare,-584.36
2016-07-08,Di,Entertainment,-315.57
2001-01-26,Fayre,Daycare,832.26
1992-03-16,Olivette,Entertainment,-356.79
2010-03-05,Doralynne,Income,-823.15
2010-04-19,Bernardine,Coffee shops,563.97
1998-08-18,Lita,Coffee shops,-827.39
2002-04-02,Nicoli,Auto Loan,947.66
1993-07-29,Dennie,Groceries,-26.42
1986-05-04,Barbi,Cable TV,-723.18
1986-12-31,Dione,Groceries,-98.2
2017-10-08,Gwyneth,pong,-428.33
2004-06-03,Joane,Coffee shops,-253.51
2004-08-24,Vinita,Daycare,-568.24
2007-07-09,Elmira,Daycare,-376.98
2003-12-11,Olivette,Coffee shops,-342.61
1979-07-22,Tori,Cable TV,42.31
1977-12-20,Dede,Groceries,754.47
1971-05-29,Aeriela,Coffee shops,-731.88
1985-02-07,Latisha,ping,861.92
2004-04-10,Sara-Ann,Entertainment,-597.53
1971-11-25,Jinny,Auto Loan,-16.45
2017-01-10,Betta,Coffee shops,-704.64
1998-01-26,Kara-Lynn,Income,6.61
1987-10-20,Steffane,Dental Care,383.99
2016-12-24,Lorie,ping,-823.84
2020-01-02,Lonnie,Coffee shops,149.6
2005-08-18,Gusty,Dental Care,-274.69
1971-03-14,Nananne,Groceries,-860.15
2000-07-16,Alia,Coffee shops,950.48
1999-01-27,Grier,ping,982.13
1984-11-11,Marnia,Entertainment,449.19
1985-11-23,Gratia,Entertainment,-32.02
2022-05-05,Fernande,ping,799.51
1993-05-27,Angelique,Groceries,98.08
2010-05-02,Kara-Lynn,ping,-183.88
2009-06-16,Elise,Cable TV,825.34
2002-04-04,Christian,pong,778.2
1984-03-14,Henriette,pong,866.34
2001-11-24,Tilly,Auto Loan,-875.08
1977-03-08,Karlee,Coffee shops,-665.47
2007-07-20,Jinny,Cable TV,-107.12
1989-07-30,Ronna,Entertainment,801.56
2000-07-31,Augustine,Groceries,970.68
2019-06-10,Arlina,ping,-358.83
2021-02-11,Ketti,Dental Care,-927.8
2017-05-05,Latisha,Income,136.27
2010-01-30,Fredericka,Entertainment,-147.98
2020-09-28,Lucy,Cable TV,-14.04
2011-01-18,Cissiee,Daycare,850.98
1995-09-25,Kaja,Dental Care,955.89
1974-02-27,Calla,Groceries,500.54
1984-01-21,Mary,Entertainment,-818.49
2017-08-26,Malina,Auto Loan,636.65
1996-07-26,Ezmeralda,Groceries,446.3
1977-01-05,Penelopa,Dental Care,31.78
1986-04-17,Hildegaard,pong,376.04
1973-07-08,Vita,Coffee shops,818.85
1994-04-21,Valeda,Income,-84.6
1974-01-06,Devina,pong,949.94
2010-11-08,Tressa,Entertainment,763.33
2020-11-11,Ada,Income,211.29
2015-08-16,Chere,Cable TV,-508.49
2006-10-17,Alyda,Coffee shops,-918.61
2008-10-21,Lilith,Cable TV,583.6
1997-04-15,June,pong,176.3
1978-03-16,Jessy,Daycare,-61.6
1984-07-02,Ernesta,pong,808.37
1974-05-08,Stacey,ping,-314.1
2016-08-16,Sindee,Groceries,-363.15
2010-11-09,Edyth,Cable TV,-106.33
1983-12-26,Yolane,Cable TV,624.44
2002-03-19,Elmira,pong,750.76
2008-08-10,Yetty,Income,944.23
1977-04-29,Adriana,Income,-229.74
1973-04-28,Aaren,Cable TV,463.42
1997-12-11,Olwen,pong,-786.83
1973-05-22,Bertine,Entertainment,-170.62
1972-11-03,Andeee,Daycare,-699.12
1979-05-13,Paulita,ping,385.58
1971-03-21,Barbi,Groceries,-669.01
1975-02-20,Katharina,Income,-308.8
1981-01-03,Josephine,Groceries,641.22
1994-10-22,Rani,Cable TV,-933.54
2013-02-05,Rebeca,Dental Care,-321.94
2014-12-22,Melisent,Groceries,-568.83
1980-10-27,Mahalia,Dental Care,-101.98
2009-10-21,Kathy,Income,-506.56
2015-10-22,Chrystel,Auto Loan,-741.25
1978-05-22,Fanny,Dental Care,-472.24
1980-01-07,Heddie,Cable TV,712.11
1979-11-02,Danny,ping,755.95
1971-07-30,Dianemarie,Auto Loan,-223.58
2018-12-25,Alie,Auto Loan,484.7
1974-03-02,Rosabelle,pong,-105.49
1988-01-29,Alejandra,Auto Loan,-730.1
1976-06-17,Oona,Daycare,668.08
1978-12-03,Frank,ping,883.62
2017-01-24,Willetta,Auto Loan,857.12
1992-01-18,Agnese,Income,-919.1
2016-08-26,Gui,ping,905.01
2013-09-22,Allis,Income,-246.07
1993-07-16,Lita,Cable TV,-643.04
1973-06-08,Tomasina,Groceries,871.52
2008-06-21,Viki,Groceries,386.12
1986-11-20,Roberta,Dental Care,452.52
1998-05-20,Oralee,Income,884.76
2007-02-13,Ada,Auto Loan,-104.86
1982-08-04,Violet,Cable TV,857.93
1999-03-06,Elise,Dental Care,728.12
1991-11-28,Berta,Groceries,-905.09
1978-06-18,Marti,Dental Care,470.32
1991-02-19,Clarice,pong,-899.28
1970-06-01,Edith,pong,36.58
2006-08-15,Angela,Cable TV,-612.11
1982-01-29,Adriana,Cable TV,-139.84
1974-06-06,Charmaine,Daycare,-406.24
1972-06-17,Romona,Cable TV,683.58
1975-03-14,Daryl,Income,638.36
1994-03-25,Malina,Auto Loan,-589.28
2018-07-12,Kara-Lynn,Auto Loan,-818.63
2015-10-09,Donetta,Auto Loan,-265.78
1982-01-04,Cissiee,pong,506.52
1989-08-24,Lanae,Auto Loan,-774.33
1996-01-08,Ketti,Dental Care,113.31
1986-10-01,Ayn,Coffee shops,-451.68
1973-07-30,Pearline,ping,822.12
1996-07-09,Marika,Coffee shops,363.22
1977-02-20,Dawn,pong,159.2
1977-07-17,Arlena,Daycare,316.62
1983-04-27,Andree,Auto Loan,129.88
1973-02-11,Diena,Auto Loan,821.04
1982-08-08,Olivette,ping,-706.2
1989-03-12,Hannis,ping,-870.3
1997-02-21,Gusella,Dental Care,-282.52
1984-08-27,Hettie,Daycare,-882.95
2017-10-27,Rori,Income,167.13
1979-08-02,Sidoney,Entertainment,188.53
1990-09-22,Jordan,pong,647.7
1977-07-20,Marika,Dental Care,-747.96
1977-01-31,Maud,Auto Loan,771.47
2001-02-04,Tonia,pong,416.29
1979-11-13,Sean,Income,-109.33
2017-06-08,Corina,Cable TV,353.51
1988-04-29,Bernie,Entertainment,376.3
1981-09-19,Molli,Daycare,-424.71
1992-06-14,Jinny,Daycare,212.29
1979-07-07,Kore,Groceries,-740.88
2005-10-08,Annora,Daycare,423.96
1993-11-01,Cecile,Daycare,-574
2004-05-29,Corly,ping,-531.64
2014-01-12,Dulcinea,Daycare,503.63
1973-11-12,Sharlene,Dental Care,-426.74
1976-05-20,Ileana,pong,298.74
2004-03-07,Lelah,Income,-400.09
2009-04-18,Jackie,pong,190.95
2016-05-26,Bernardine,Income,387.7
1970-12-28,Clo,Groceries,-799.58
2014-04-29,Clo,Cable TV,266.56
1988-01-04,Joelly,Cable TV,341.84
1990-04-10,Allis,Entertainment,-491.32
2014-10-07,Lanae,Auto Loan,843.39
1997-07-10,Gaylene,Daycare,-46.1
2009-04-26,Clarice,Daycare,134.28
1976-10-17,Harmonia,Coffee shops,138.33
1985-09-09,Oona,pong,420.37
2009-05-07,Lilith,Groceries,698.26
2021-03-07,Beverley,Groceries,-21.57
2009-02-11,Lucille,Entertainment,-738.02
1982-03-06,Kirstin,Entertainment,-578.81
1997-09-12,Blinni,Cable TV,-800.36
2015-10-16,Vere,Entertainment,-800.52
2017-08-29,Emmey,ping,-709.01
1996-11-20,Helsa,Coffee shops,-867.08
1976-12-27,Dotty,Entertainment,-911.92
1996-04-13,Shandie,ping,-933.71
2016-12-18,Brianna,ping,725.83
1987-03-29,Rhea,ping,430.32
2022-11-01,Roberta,pong,-688.82
1996-06-24,Merry,Income,818.32
2008-09-16,Clementine,Dental Care,-899.09
2014-10-26,Pearline,Auto Loan,-859.81
1989-01-21,Fayre,Auto Loan,889.96
1997-02-19,Raf,ping,400.49
2003-02-06,Noelle,Coffee shops,17.39
1991-02-17,Beatriz,Income,865.95
1972-06-14,Lizzie,ping,-901.06
1974-01-03,Caritta,Income,63.07
2018-04-19,Tori,Cable TV,14.38
1997-11-12,Raf,Groceries,753.22
1997-09-11,Addia,Entertainment,511.04
1988-07-04,Caryl,pong,-764.41
1997-08-22,Debee,Auto Loan,-649.08
2005-11-03,Ketti,Daycare,289.91
1991-01-05,Sybille,Income,-951.79
1980-10-04,Rayna,Groceries,-824.73
1977-02-03,Isa,pong,928.52
2004-05-03,Korrie,Dental Care,663.17
1971-05-22,Lexine,Coffee shops,-461.6
2016-10-22,Wileen,ping,200.87
2013-03-22,Eolanda,Income,14.18
2022-08-27,Oona,Auto Loan,536.99
1979-01-07,Nanete,Entertainment,249.41
1999-03-14,Linet,Cable TV,-557.03
2010-04-15,Rani,Cable TV,-441.81
1977-04-16,Lesly,Entertainment,675.93
1987-03-24,Joeann,Dental Care,404.44
1999-03-22,Margalo,Daycare,877.85
1983-05-26,Cathie,Auto Loan,-75.9
2001-07-03,Emylee,Coffee shops,-863.17
1971-09-29,Betta,Income,-762.16
1976-09-03,Glenda,pong,-731.22
1993-10-23,Jennica,ping,574.54
2006-02-20,Adore,pong,203.27
1998-03-04,Brana,Cable TV,-947.49
2014-12-27,Hayley,Dental Care,-200.07
1990-06-23,Averyl,Daycare,11.82
2009-07-11,Karena,Dental Care,-502.38
1972-03-30,Sashenka,Daycare,953.11
1982-04-10,Lonnie,pong,888.17
1991-10-07,Teriann,Cable TV,-907.68
2021-04-16,Jemie,Auto Loan,-885.4
2007-10-12,Glenda,Cable TV,477.12
2009-08-13,Nicoli,Auto Loan,-79.14
1989-12-24,Goldie,ping,94.39
1987-05-20,Gui,Income,-293.62
1981-09-19,Millie,Groceries,674.8
2004-07-26,Roberta,Entertainment,-45.25
1988-07-03,Marika,Daycare,970.43
1983-06-15,Vinita,Income,387.16
1996-04-19,Kylynn,Daycare,-896.37
2013-06-24,Genovera,Auto Loan,-158.86
1982-10-25,Emma,pong,-961.65
1970-04-15,Sam,Income,641.04
1991-06-06,Joeann,Auto Loan,489.56
2000-01-25,Kore,Auto Loan,495.31
1996-11-25,Adelle,Cable TV,463.37
2012-04-03,Gwenneth,Auto Loan,424.04
1984-01-01,June,Auto Loan,513.92
1979-04-09,Cyndie,Income,762.34
2021-02-21,Berta,Groceries,-927.4
1995-09-18,Brianna,ping,362.13
2018-04-06,Romona,Entertainment,999.23
1977-07-31,Frank,Daycare,-116.73
1991-05-25,Dulcinea,Income,-124.72
1981-11-13,Phedra,Coffee shops,-711.73
2011-01-23,Raquela,Entertainment,-357.27
1972-02-25,Mathilda,Dental Care,-231.27
2006-01-06,Alameda,ping,-476.61
2008-09-03,Marleah,Cable TV,-53.89
2008-08-11,Caressa,Auto Loan,141.2
2015-10-01,Regina,Dental Care,598.67
1999-06-30,Vere,Cable TV,-888.47
2011-05-24,Fernande,Income,-497.07
1982-09-11,Claudina,Coffee shops,171.28
1971-09-23,Lynde,Cable TV,-747.7
2015-12-06,Cathie,ping,-391.82
1981-06-20,Bernardine,Cable TV,625.58
1996-07-09,Darlleen,Groceries,-456.34
2018-08-13,Willetta,Coffee shops,876.36
2009-10-18,Moyna,pong,-513.78
1971-04-11,Ulrike,Daycare,782.34
1994-12-14,Clarice,Cable TV,930.72
1985-02-20,Vonny,Daycare,437.11
1985-01-14,Kassey,Cable TV,-740.4
2011-10-05,Ariela,Income,236.63
1975-02-26,Lonnie,ping,302.15
1970-06-09,Hannis,Entertainment,349.88
1983-07-09,Cherilyn,Groceries,-242.73
1986-12-25,Ashlee,Income,-443.58
2017-09-15,Deedee,Cable TV,-66.75
2017-03-27,Raina,Income,847.45
1986-01-07,Micheline,pong,916.3
1981-08-08,Nyssa,Auto Loan,129.09
1996-10-12,Paola,Groceries,-870.66
2016-11-03,Merci,pong,-87.97
1988-04-09,Kenna,Income,-381.43
1995-08-14,Melanie,ping,-102.31
1999-04-25,Cassondra,Auto Loan,-459.97
2022-10-10,Sashenka,Entertainment,-179.48
1970-11-20,Vita,Coffee shops,319.49
1973-07-17,Tracey,Groceries,697.78
1979-11-30,Jere,pong,450.09
1993-11-19,Kristan,Groceries,473.99
2005-10-08,Doralynne,pong,57.13
2015-04-26,Audrie,Coffee shops,-637.57
2005-09-30,Marylou,Cable TV,416.14
2002-07-16,Sidoney,Income,663.11
2001-05-08,Rochette,ping,31.21
1986-08-30,Ardeen,Groceries,24.51
1990-05-04,Rubie,Cable TV,-7.6
1987-12-06,Carol-Jean,Groceries,613.54
1984-11-03,Dulce,Entertainment,-603.51
1995-11-07,Corina,ping,-633.27
2013-02-05,Berta,Entertainment,126.54
1998-03-13,Bibby,ping,-433.62
2021-01-15,Melina,Dental Care,-927.53
2008-12-24,Fredericka,Income,-753.55
1991-09-26,Zondra,ping,407.61
1981-03-22,Albertina,Dental Care,522.23
1993-02-17,Tracey,ping,-685.51
1977-06-03,Emilia,Dental Care,701.94
1997-02-17,Cissiee,Daycare,-964.37
2004-07-02,Mahalia,pong,-858.84
2018-08-29,Roberta,ping,-226.85
2009-07-02,Gabi,Entertainment,189.89
2000-03-12,Angela,Income,188.2
1997-04-02,Diena,Daycare,-917.8
2019-07-01,Hope,Income,-782.79
1979-06-24,Ethel,pong,-306.9
1991-12-16,Hope,Coffee shops,-458.01
1981-10-08,Inga,Daycare,-741.8
2013-09-10,Caressa,Dental Care,642.95
2007-06-29,Valera,Daycare,151.38
1985-05-23,Rayna,Cable TV,-580.71
2013-03-07,Hyacinthe,Coffee shops,288.22
1979-02-08,Vere,ping,-73.83
1982-03-24,Oralee,Daycare,-746.08
1996-07-30,Daune,Dental Care,818.82
1998-03-20,Ayn,Income,-43.06
1994-06-08,Amii,Cable TV,687.76
2011-12-26,Lonnie,Groceries,-792.74
2014-05-25,Catrina,Auto Loan,725.92
1994-11-06,Konstance,Daycare,586.29
2008-10-27,Riannon,Dental Care,-35.18
1974-09-07,Kimberley,Dental Care,772.23
2000-04-05,Donetta,Daycare,724.06
1970-10-20,Hallie,Dental Care,-647.49
2015-08-01,Anallese,Daycare,-638.26
2002-02-14,Ashlee,Cable TV,-604.1
1987-05-16,Chloris,Daycare,564.71
2006-06-23,Nataline,Cable TV,728.45
1983-11-27,Gale,Income,-171.53
1976-07-21,Ebonee,ping,-834.8
2016-05-20,Nickie,Coffee shops,-914.28
1974-10-24,Olwen,Dental Care,521.89
2017-04-28,Antonietta,Entertainment,-207.99
1994-05-01,Ira,Auto Loan,341.78
1997-02-24,Jacenta,Daycare,-385.25
2003-06-12,Gusella,Coffee shops,-395.31
2021-01-13,Bertine,ping,-932.31
2001-11-08,Valli,Coffee shops,508.08
2020-11-18,Anthia,Income,-80.84
1985-09-20,Karena,Dental Care,776.92
1995-02-22,Iseabal,ping,797.03
2006-03-24,Barbara,ping,651.69
1994-02-01,Blinni,pong,272.63
1985-08-30,Gilda,Daycare,-253.64
2021-05-22,Zsa Zsa,pong,993.26
2001-01-31,Roseline,ping,-637.62
1973-03-06,Marti,Cable TV,-49.82
1973-11-28,Max,Coffee shops,-562.13
2006-08-25,Aryn,Coffee shops,398.72
1980-06-12,Jasmina,ping,753.9
2010-03-03,Danika,Daycare,-241.3
1979-08-09,Mara,Coffee shops,-595.3
1999-08-24,Maurene,Coffee shops,-231.36
2009-06-16,Tabbatha,Cable TV,-818.12
2009-08-16,Nadine,Groceries,269.95
1993-03-25,Mireielle,Income,286.64
1990-10-15,Cherrita,ping,374.36
2005-11-29,Dagmar,Income,-973.24
2011-10-01,Nananne,Groceries,-416.64
1976-04-16,Audrie,ping,-61.42
1992-02-19,Frances,pong,290.79
1994-04-07,Ekaterina,Cable TV,811.96
1993-10-30,Audrie,Auto Loan,758.13
2011-05-29,Siana,Coffee shops,657.93
2003-02-28,Dania,Income,-428.28
2018-01-30,Elmira,Daycare,95.86
1978-03-17,Meghann,pong,-856.78
2014-01-19,Kayla,Entertainment,-1.45
1981-05-14,Elyssa,Income,-232.45
1987-12-12,Binny,ping,-326.7
1980-11-05,Roseline,Cable TV,492.18
1977-02-27,Gabriellia,Dental Care,-48.24
1972-09-24,Tersina,Daycare,-887.58
1987-11-02,Danny,Coffee shops,-216.02
2007-12-01,Binny,Groceries,707.06
1998-03-25,Carmencita,Auto Loan,-375.17
1982-10-16,Frieda,pong,325.91
2016-05-28,Henriette,Dental Care,-773.69
1982-06-25,Genovera,Auto Loan,921.37
2014-11-17,Merrie,Groceries,238.16
1974-07-29,Frances,Daycare,868.62
1994-01-24,Jacenta,Entertainment,962.62
2011-05-18,Abbie,Auto Loan,181.91
1988-03-14,Beth,Groceries,-742.2
2010-06-11,Addia,Entertainment,-754.19
2007-11-08,Aimil,ping,806.3
2003-10-30,Rosabelle,Auto Loan,-739.74
2006-11-06,Jessamyn,Income,972.56
1974-02-01,Dania,Coffee shops,-400.93
2001-12-17,Addia,Cable TV,857.19
1987-04-24,Heddie,ping,-209.96
1987-11-16,Joeann,Groceries,163.58
1979-08-28,Hettie,ping,344.26
2012-01-11,Mariann,pong,100.06
2014-04-03,Neila,Groceries,802.23
1994-11-23,Jobi,Dental Care,115.25
2008-04-22,Benita,ping,157.36
2019-03-07,Elyssa,Entertainment,-81.03
1985-10-30,Joeann,Groceries,645.1
1986-09-01,Britte,Daycare,741.33
1988-05-31,Hannis,Groceries,865.17
1991-06-20,Britni,Groceries,-819.28
1970-02-09,Di,Entertainment,-338.6
1999-11-18,Anestassia,Cable TV,-951.82
1986-01-22,Raf,pong,-969.14
1973-06-24,Sophia,ping,-15.04
1996-11-19,Merle,Auto Loan,-47.13
1988-06-10,Wanda,Income,-724.21
2020-12-11,Genevra,pong,928.44
2017-04-06,Phedra,Dental Care,187.04
1975-12-02,Kathy,Groceries,-3.22
1971-09-10,Lucy,Groceries,547.25
2005-06-04,Talya,pong,408.41
1980-12-29,Viviene,Groceries,-85.42
2008-11-26,Gui,Income,-460.25
1993-04-08,Pamella,Cable TV,-955.85
2015-09-18,Vivia,Cable TV,118.12
2016-11-20,Melina,Income,-256.63
2003-03-14,Hermione,Dental Care,974.89
2003-09-19,Sharai,Entertainment,-882.33
1992-03-25,Dolli,Entertainment,-555.05
1998-02-24,Constance,Cable TV,-337.65
1989-09-27,Annora,pong,-285.89
1981-10-27,Cyndie,Coffee shops,605.96
1992-12-06,Chandra,Auto Loan,384.33
1983-08-18,Delilah,Cable TV,344.93
1995-06-13,Claudina,Income,-347.6
1972-11-02,Madelle,Daycare,-618.64
1992-06-26,Jackie,Entertainment,-252.45
2009-04-09,Ofilia,Dental Care,48.08
1972-10-12,Lesly,Cable TV,824.96
1980-03-17,Merle,Auto Loan,-673.23
1992-05-28,Ermengarde,pong,-958.39
2019-02-04,Hannis,Income,418.2
2014-09-15,Marcelline,Daycare,75.02
2007-04-09,Elise,Entertainment,960.3
2007-04-21,Annaliese,Daycare,-695.57
1998-07-11,Carmencita,Income,-734.95
2007-08-24,Malina,ping,-829.53
2014-03-08,Tiffie,Income,-752.22
2007-03-14,Fanny,ping,478.65
2006-06-15,Julieta,Income,235.98
2005-12-25,Aili,Auto Loan,674.61
1998-07-25,Gertrud,Entertainment,939.54
1989-07-24,Natka,Dental Care,203.83
1981-01-27,Delilah,Groceries,988.43
1975-07-17,Almeta,Income,457.17
1994-11-22,Romona,Groceries,21.63
1997-05-18,Kirbee,Cable TV,-792.78
2003-12-25,Britte,pong,-858.06
1976-10-10,Lesly,Daycare,676.82
2006-12-20,Andree,Coffee shops,-956.18
1990-07-01,Berta,Auto Loan,-155.68
2005-08-10,Annora,Coffee shops,108.38
2007-10-14,Vonny,Income,-370.42
1984-09-24,Claudina,Auto Loan,-116.38
1988-08-23,Ashlee,Income,517.49
1984-03-10,Netty,Entertainment,-516.27
1972-08-27,Evaleen,Dental Care,-250.09
2012-09-19,Adore,ping,947.11
2019-12-04,Lynnea,Coffee shops,829.42
1971-08-11,Karena,pong,-199.9
2006-03-04,Justinn,Dental Care,746.65
2002-10-22,Vonny,ping,42.08
2019-05-13,Kirbee,Auto Loan,224.62
1984-05-12,Ida,pong,-329.79
1981-04-16,Viki,Auto Loan,-254
2003-09-25,Roslyn,Dental Care,-491.99
1985-04-06,Dorene,pong,-440.37
1982-10-17,Libbie,Daycare,380.45
1989-09-05,Stacey,Groceries,656.15
1987-04-13,Ekaterina,Coffee shops,-527.32
1999-12-24,Arabel,Cable TV,-48.98
2012-01-13,Merry,Entertainment,847.78
2010-07-10,Dennie,Entertainment,-226.81